{"cameraMode":{"drawMode":0,"name":"Shaded","section":"Shading Mode"},"sceneLighting":true,"audioPlay":false,"sceneViewState":{"showFog":true,"showMaterialUpdate":false,"showSkybox":true,"showFlares":true,"showImageEffects":true,"showParticleSystems":true,"showVisualEffectGraphs":true,"m_FxEnabled":true},"in2DMode":false,"pivot":{"x":-0.1782919466495514,"y":0.1192474365234375,"z":-0.07123267650604248},"rotation":{"x":-0.11993297189474106,"y":0.03781290724873543,"z":-0.004572082310914993,"w":-0.9920569658279419},"size":9.699999809265137,"orthographic":false}