{"cameraMode":{"drawMode":0,"name":"Shaded","section":"Shading Mode"},"sceneLighting":true,"audioPlay":false,"sceneViewState":{"showFog":true,"showMaterialUpdate":false,"showSkybox":true,"showFlares":true,"showImageEffects":true,"showParticleSystems":true},"in2DMode":false,"pivot":{"x":247.61737060546876,"y":1.837214708328247,"z":-42.69337463378906},"rotation":{"x":-0.27122506499290469,"y":0.030888045206665994,"z":-0.008706537075340748,"w":-0.9619859457015991},"size":3.066025733947754,"orthographic":false}