{"cameraMode":{"drawMode":0,"name":"Shaded","section":"Shading Mode"},"sceneLighting":true,"audioPlay":false,"sceneViewState":{"showFog":true,"showMaterialUpdate":true,"showSkybox":true,"showFlares":true,"showImageEffects":true,"showParticleSystems":true},"in2DMode":false,"pivot":{"x":228.0498504638672,"y":7.7251739501953129,"z":-79.08232879638672},"rotation":{"x":-0.02199919894337654,"y":-0.28416427969932558,"z":0.006522712763398886,"w":-0.9585050940513611},"size":0.880084216594696,"orthographic":false}