{"cameraMode":{"drawMode":0,"name":"Shaded","section":"Shading Mode"},"sceneLighting":true,"audioPlay":false,"sceneViewState":{"showFog":true,"showMaterialUpdate":false,"showSkybox":true,"showFlares":true,"showImageEffects":true,"showParticleSystems":true},"in2DMode":false,"pivot":{"x":0.9695214629173279,"y":-0.8868192434310913,"z":-86.99794006347656},"rotation":{"x":0.2101624608039856,"y":-0.3891836106777191,"z":0.09164462238550186,"w":0.8922773599624634},"size":10.842222213745118,"orthographic":false}